[{"@type":"mappingTemplate","id":"@1","name":"04453705_Mapping","description":"","bundleVersion":"0","templateId":"@3","deployTime":1677776436000,"hasParameters":false,"valid":true,"fixedConnection":true,"hasParametersDeployed":false,"fixedConnectionDeployed":true,"isSchemaValidationEnabled":false,"tasks":1,"mappingPreviewFileRecordId":"@2","documentType":"MAPPING","references":[{"@type":"reference","refObjectId":"@7kDpas9SqmAkrRbp8PP5qe","refType":"businessService"},{"@type":"reference","refObjectId":"@7kDpas9SqmAkrRbp8PP5qe@CW_Audit_Activity","refType":"businessOperation"},{"@type":"reference","refObjectId":"@aEIdapxZkZDjxAETmjPT2E","refType":"connection"}]}]