[{"@type":"mappingTemplate","id":"@1","name":"case_04335087","description":"","bundleVersion":"0","templateId":"@3","deployTime":1655813490000,"hasParameters":false,"valid":true,"fixedConnection":true,"hasParametersDeployed":false,"fixedConnectionDeployed":true,"isSchemaValidationEnabled":false,"tasks":1,"mappingPreviewFileRecordId":"@2","documentType":"MAPPING","references":[{"@type":"reference","refObjectId":"@3rlCNQlShQalWvxanFGjCA","refType":"connection"},{"@type":"reference","refObjectId":"@aEIdapxZkZDjxAETmjPT2E","refType":"connection"}]}]